name,address,gender,designation,age
Glenda J. Stewart,"3482 Pursglove Court, Rossburg, OH 45362",Female,Cost consultant,28
Jarrod D. Jones,"3827 Bingamon Road, Garfield Heights, OH 44125",Male,Manpower development advisor,64
William C. Wright,"2653 Pyramid Valley Road, Cedar Rapids, IA 52404",Male,Political geographer,33
Ronald S. Keefe,"4388 Goff Avenue, Grand Rapids, MI 49508",Male,Landscaping worker,22
Nick M. Gilligan,"4951 North Bend River Road, Lexington, KY 40505",Male,Supply manager,42
Thomas K. Herrman,"4342 Despard Street, Atlanta, GA 30331",Male,Scientific photographer,47
Sandra P. Swain,"3563 Wolf Pen Road, San Jose, CA 95134",Female,Mortgage banker,32
Melina T. Reza,"68 Elk Creek Road, Chamblee, GA 30341",Female,Manpower development manager,40
Lee H. Young,"4097 Cambridge Place, Cockeysville, MD 21030",Male,Refractory mason,24
Patricia R. Lohman,"2653 Courtright Street, Garrison, ND 58540",Female,Counseling psychologist,24
Dallas V. Jones,"2672 Broaddus Avenue, Bowling Green, KY 42103",Male,Tractor driver,45
James V. Foreman,"4881 Adams Drive, Houston, TX 77002",Male,Sports instructor,32
Cameron K. Barnett,"2822 River Road, Colorado Springs, CO 80903",Male,Mortgage loan officer,52
Martha B. Tomlinson,"4005 Bird Spring Lane, Houston, TX 77002",Female,Systems programmer,38
Ronald D. Colella,"1571 Bingamon Branch Road, Barrington, IL 60010",Male,Top executive,32
